﻿AA11,AA12,a,b,bs,city,cp,e,el,es,f,fi,g,id,j,k,l,lat,lon,m,p,pimg,r,s,sq,t,tp,type,v,district_code
其他,,豐勢路601~630號,透天厝,,B,,11001,無,,全/二層,0,35,0,2,1,0,24.270128369861542,120.7970554869164,無,"76,324",bt_02.png,21,203.08,NRnvyNZKghwpr2EjIRPWVfQSCyF63044fo/+qqWX+Vo=,房地(土地+建物),"1,550",Biz,4房1廳2衛有隔間,B20
特定農業區,農牧用地,豐勢路90巷61~90號,透天厝,,B,,11001,無,,全/一層,,14,1,3,1,0,24.26221729477953,120.81501953353921,無,"975,157",bt_02.png,61,12.31,Ms1PRtskmNmaB+nGBDgmYfQSCyF63044fo/+qqWX+Vo=,房地(土地+建物),"1,200",Biz,1房1廳1衛有隔間,B20
特定農業區,甲種建築用地,豐勢路和順巷31~60號,透天厝,,B,,11001,無,,全/三層,,10,2,3,1,0,24.274934515724823,120.80596194070446,無,"145,154",bt_02.png,34,124.01,u99DfA1/EEyHXN4wwd/sVvQSCyF63044fo/+qqWX+Vo=,房地(土地+建物),"1,800",Biz,10房3廳9衛有隔間,B20
其他,,大智街1~30號,透天厝,,B,,10912,無,,全/四層,,34,3,1,1,0,24.27561744207068,120.77720913473557,無,"147,240",bt_02.png,8,44.49,uHiEuQZngBbSzrD0lqkzhfQSCyF63044fo/+qqWX+Vo=,房地(土地+建物),655,Biz,4房3廳3衛有隔間,B20
鄉村區,乙種建築用地,和盛街和盛巷35弄31~60號,透天厝,,B,,10911,無,,全/二層,-1,43,4,2,1,0,24.25879065884691,120.81721875578349,無,"111,610",bt_02.png,8,28.22,3SMS4TU2ex+ehqJYajQI9fQSCyF63044fo/+qqWX+Vo=,房地(土地+建物),315,Biz,5房2廳1衛有隔間,B20
特定農業區,甲種建築用地,豐勢路慈雲巷1~30號,透天厝,,B,,10911,無,,全/三層,-1,17,5,1,1,0,24.264629442098208,120.80736137644075,無,"141,838",bt_02.png,10,52.17,5RwB8S1UWyU1fjhM5B2OpPQSCyF63044fo/+qqWX+Vo=,房地(土地+建物),740,Biz,4房2廳3衛有隔間,B20
特定農業區,甲種建築用地,豐勢路421~450號,透天厝,,B,,10911,無,,全/四層,-1,3,6,2,1,0,24.268292995218548,120.80274243745532,無,"184,995",bt_02.png,10,70.81,KVrh2WBKDZQIwOMMgAZWyPQSCyF63044fo/+qqWX+Vo=,房地(土地+建物),"1,310",Biz,5房2廳5衛有隔間,B20
,,豐勢路1116巷1~30號,透天厝,,B,,10910,無,,全/三層,-1,12,7,3,1,0,24.277846163624528,120.7722442781151,無,"159,088",bt_02.png,28,52.17,VOStfwl73gI16srRmzG+yfQSCyF63044fo/+qqWX+Vo=,房地(土地+建物),830,Biz,3房1廳2衛有隔間,B20
一般農業區,農牧用地,萬仙街1~30號,透天厝,,B,,10910,無,,全/二層,0,5,8,1,1,0,24.25791835519469,120.789571787822,無,"352,354",bt_02.png,39,59.88,NrlNczGagYe+jBsKrqEdkfQSCyF63044fo/+qqWX+Vo=,房地(土地+建物),"2,110",Biz,2房1廳2衛有隔間,B20
鄉村區,乙種建築用地,和盛街和盛巷35弄31~60號,透天厝,,B,,10910,無,,全/二層,-1,43,9,1,1,0,24.259004585401737,120.8171623129295,無,"150,833",bt_02.png,10,31.82,jtpiDOVh3tA3lc7YSRpjUfQSCyF63044fo/+qqWX+Vo=,房地(土地+建物),480,Biz,4房3廳1衛有隔間,B20
特定農業區,甲種建築用地,豐勢路梅子巷31~60號,透天厝,,B,,10910,無,,全/三層,-1,31,10,2,1,0,24.27059149694231,120.80458763806864,無,"146,698",bt_02.png,18,57.26,aFIU86ZKsiPEWgd4lRghm/QSCyF63044fo/+qqWX+Vo=,房地(土地+建物),840,Biz,5房2廳2衛有隔間,B20
,,萬興街79巷1~30號,透天厝,,B,,10909,無,,全/一層,0,44,11,3,1,0,24.273124217774807,120.79233765740032,無,"238,169",bt_02.png,16,20.99,vq+CCGwjmm2sUdNK+WkN5fQSCyF63044fo/+qqWX+Vo=,房地(土地+建物),500,Biz,2房1廳1衛有隔間,B20
,,金順街32巷1~30號,透天厝,,B,,10908,無,,全/四層,-1,1,12,3,1,0,24.280588073078363,120.78003684372412,無,"215,002",bt_02.png,20,53.49,/awfNFcIqAnONPXDvlLKFPQSCyF63044fo/+qqWX+Vo=,房地(土地+建物),"1,150",Biz,3房3廳3衛有隔間,B20
特定農業區,甲種建築用地,豐勢路185巷1~30號,透天厝,,B,,10908,無,,全/一層,-1,46,13,5,1,0,24.26281105205744,120.81141151801735,無,"122,866",bt_02.png,15,14.65,4k880RPNcC3fQ1oHbRS9ZvQSCyF63044fo/+qqWX+Vo=,房地(土地+建物),180,Biz,2房1廳1衛有隔間,B20
鄉村區,乙種建築用地,豐勢路65巷1~30號,透天厝,,B,,10908,無,,全/二層,0,38,14,2,1,0,24.260165620413094,120.81556713472732,無,"156,850",bt_02.png,9,26.78,RmoUV+oinE2XbjskNufaKPQSCyF63044fo/+qqWX+Vo=,房地(土地+建物),420,Biz,4房2廳2衛有隔間,B20
鄉村區,乙種建築用地,和盛街和盛巷35弄31~60號,透天厝,,B,,10908,無,,全/二層,-1,43,15,1,1,0,24.259004585401737,120.8171623129295,無,"100,555",bt_02.png,10,31.82,Y5vZi8tWpWcaJZjS6H6ukPQSCyF63044fo/+qqWX+Vo=,房地(土地+建物),320,Biz,4房3廳1衛有隔間,B20
特定農業區,甲種建築用地,豐勢路梅子巷31~60號,透天厝,,B,,10906,無,,全/三層,0,1,16,1,1,0,24.27314259061693,120.80246763047937,無,"188,734",bt_02.png,11,54.57,K3gch1L6fP7L47Y9TAdg+PQSCyF63044fo/+qqWX+Vo=,房地(土地+建物),"1,030",Biz,4房3廳3衛有隔間,B20
特定農業區,甲種建築用地,豐勢路梅子巷31~60號,透天厝,,B,,10905,無,,全/三層,0,1,17,1,1,0,24.27313849374706,120.80237347384653,無,"159,537",bt_02.png,9,53.91,u1O2bG/w+24at9S5i/cgh/QSCyF63044fo/+qqWX+Vo=,房地(土地+建物),860,Biz,4房3廳3衛有隔間,B20
特定農業區,甲種建築用地,豐勢路梅子巷31~60號,透天厝,,B,,10905,無,,全/三層,0,1,18,1,1,0,24.27314938601242,120.80241088579601,無,"157,683",bt_02.png,9,53.91,i2He8MhR6ULjV0ez7VEMKvQSCyF63044fo/+qqWX+Vo=,房地(土地+建物),850,Biz,4房3廳3衛有隔間,B20
農,,豐勢路山下巷1~30號,透天厝,,B,,10905,無,,全/二層,0,39,19,1,1,0,24.272145289463406,120.7857144070279,無,"107,471",bt_02.png,8,29.78,6rDQRhr9w0NMhctT906JUvQSCyF63044fo/+qqWX+Vo=,房地(土地+建物),320,Biz,3房2廳2衛有隔間,B20
山坡地保育區,暫未編定,石岡街頭坪巷1~30號,農舍,,B,,10904,無,,"一層,二層/二層",0,25,20,4,1,0,24.25665726105039,120.77926307539563,無,"224,777",bt_10.png,46,77.85,ogyK98w/6iXxxzWs+qgqK/QSCyF63044fo/+qqWX+Vo=,房地(土地+建物),"1,750",Biz,5房2廳6衛有隔間,B20
特定農業區,甲種建築用地,豐勢路梅子巷61~90號,透天厝,,B,,10904,無,,全/三層,-1,12,21,1,1,0,24.27374168005506,120.80018471907695,無,"89,402",bt_02.png,12,57.27,v3d4kn4qfNRIjLN+8U6Iw/QSCyF63044fo/+qqWX+Vo=,房地(土地+建物),512,Biz,5房2廳3衛有隔間,B20
特定農業區,甲種建築用地,豐勢路185巷1~30號,透天厝,,B,,10903,無,,全/一層,1,46,22,5,1,0,24.26281105205744,120.81141151801735,無,"110,579",bt_02.png,15,14.65,+ihbpQFePj8K3X5IqD5m7PQSCyF63044fo/+qqWX+Vo=,房地(土地+建物),162,Biz,2房1廳1衛有隔間,B20
農,,金順街32巷1~30號,透天厝,,B,,10903,無,,全/四層,0,1,23,3,1,0,24.280908548630656,120.78000181583917,無,"174,807",bt_02.png,20,53.49,5HOt8c8WnA24a7qHf8ELXPQSCyF63044fo/+qqWX+Vo=,房地(土地+建物),935,Biz,3房2廳3衛有隔間,B20
住,,豐勢路1051~1080號,透天厝,,B,,10903,無,,全/二層,0,43,24,1,1,0,24.277238377478934,120.7748925456739,無,"171,666",bt_02.png,10,32.62,Mf6zxn9NN8mXGUDkyQIDNvQSCyF63044fo/+qqWX+Vo=,房地(土地+建物),560,Biz,4房3廳2衛有隔間,B20
鄉村區,乙種建築用地,豐勢路77巷1~30號,透天厝,,B,,10902,無,,全/三層,0,36,25,1,1,0,24.26071244527691,120.81468311173877,無,"71,805",bt_02.png,12,44.56,sT4Ovc8Ng8XzP99nr6TFAvQSCyF63044fo/+qqWX+Vo=,房地(土地+建物),320,Biz,4房2廳2衛有隔間,B20
農,,豐勢路山下巷1~30號,透天厝,,B,,10902,無,,全/二層,0,43,26,1,1,0,24.272293332908642,120.7856905196781,無,"78,929",bt_02.png,9,34.07,5aF1/Mfh1w7Sb4KD0EZ98fQSCyF63044fo/+qqWX+Vo=,房地(土地+建物),268,Biz,3房2廳2衛有隔間,B20
一般農業區,甲種建築用地,和盛街南眉巷91~120號,透天厝,,B,,10902,無,,全/二層,0,10,27,1,1,0,24.258731619416313,120.81189883578944,無,"169,111",bt_02.png,11,49.97,7GCfOvAy1k8zuB9ARysr5PQSCyF63044fo/+qqWX+Vo=,房地(土地+建物),845,Biz,3房2廳2衛有隔間,B20
鄉村區,乙種建築用地,豐勢路77巷1~30號,透天厝,,B,,10902,無,,全/一層,0,49,28,4,1,0,24.26070019561006,120.81448940500032,無,"242,509",bt_02.png,19,23.50,uFW+Vz1+8GiB7qk5B9IwdPQSCyF63044fo/+qqWX+Vo=,房地(土地+建物),570,Biz,3房2廳2衛有隔間,B20
特定農業區,甲種建築用地,豐勢路和順巷1~30號,透天厝,,B,,10902,無,,全/二層,0,18,29,3,1,0,24.27362030673744,120.80560442186525,無,"194,334",bt_02.png,30,61.75,eVqlRRA1sB5s4E25Ai+fJfQSCyF63044fo/+qqWX+Vo=,房地(土地+建物),"1,200",Biz,5房3廳3衛有隔間,B20
住,,萬華街1~30號,透天厝,,B,,10901,無,,全/二層,0,36,30,1,1,0,24.271419576245272,120.79305845980643,無,"123,326",bt_02.png,10,37.95,tUDbDA/eiWTkhjE57LioyfQSCyF63044fo/+qqWX+Vo=,房地(土地+建物),468,Biz,4房2廳2衛有隔間,B20
住,,豐勢路1051~1080號,透天厝,,B,,10901,無,,全/二層,0,42,31,1,1,0,24.277238377478934,120.7748925456739,無,"137,944",bt_02.png,10,32.62,ZTtsf1zFfMKts2Z9erp6N/QSCyF63044fo/+qqWX+Vo=,房地(土地+建物),450,Biz,3房3廳2衛有隔間,B20
住,,九房里豐勢路860巷1~30號,透天厝,,B,,10812,無,,全/三層,0,26,32,2,1,0,24.275077296272965,120.78663950990138,無,"103,478",bt_02.png,12,57.98,V3HMhunzH0I8Lf94snWCGvQSCyF63044fo/+qqWX+Vo=,房地(土地+建物),600,Biz,5房1廳3衛有隔間,B20
鄉村區,乙種建築用地,梅子巷37弄31~60號,透天厝,,B,,10812,無,,全/二層,0,,33,1,1,0,24.27180017403985,120.80015840361135,無,"100,340",bt_02.png,10,32.89,YGQptq3zbgY7X29CjMVhPvQSCyF63044fo/+qqWX+Vo=,房地(土地+建物),330,Biz,4房2廳2衛有隔間,B20
住,,仁愛街32巷1~30號,透天厝,,B,,10811,無,,全/三層,0,12,34,7,1,0,24.2748193925935,120.77854615961297,無,"151,567",bt_02.png,16,50.14,FLNR5j5I4WjicHPHfps7s/QSCyF63044fo/+qqWX+Vo=,房地(土地+建物),760,Biz,4房2廳3衛有隔間,B20
農,,金順街32巷1~30號,透天厝,,B,,10811,無,,全/四層,0,1,35,3,1,0,24.280908548630656,120.78000181583917,無,"194,436",bt_02.png,20,53.49,CuV7QI8D83q1wc0jdXP8bfQSCyF63044fo/+qqWX+Vo=,房地(土地+建物),"1,040",Biz,3房2廳3衛有隔間,B20
鄉村區,乙種建築用地,豐勢路77巷1~30號,透天厝,,B,,10810,無,,全/二層,0,48,36,1,1,0,24.26012604611298,120.81488064000109,無,"112,284",bt_02.png,11,30.28,AnbSf13YHgGhYXBSojs+DvQSCyF63044fo/+qqWX+Vo=,房地(土地+建物),340,Biz,4房2廳1衛有隔間,B20
特定農業區,甲種建築用地,豐勢路梅子巷1~30號,透天厝,,B,,10810,無,,全/四層,0,21,37,2,1,0,24.26959411479306,120.80129936196177,無,"106,760",bt_02.png,13,47.40,62AFdmFTNHtfetZXZ76clfQSCyF63044fo/+qqWX+Vo=,房地(土地+建物),506,Biz,4房3廳3衛有隔間,B20
特定農業區,甲種建築用地,豐勢路梅子巷31~60號,透天厝,,B,,10810,無,,全/三層,1,,38,1,1,0,24.273024855481797,120.80246820649003,無,"170,410",bt_02.png,9,54.57,FNKa62FcgmHjCg0r0HxjYPQSCyF63044fo/+qqWX+Vo=,房地(土地+建物),930,Biz,4房3廳3衛有隔間,B20
農,,金順街32巷1~30號,透天厝,,B,,10810,無,,全/四層,0,1,39,3,1,0,24.280908548630656,120.78000181583917,無,"185,088",bt_02.png,20,53.49,HRrKHgTrfeapB7qX7xRKRPQSCyF63044fo/+qqWX+Vo=,房地(土地+建物),990,Biz,3房2廳3衛有隔間,B20
農,,金順街32巷1~30號,透天厝,,B,,10810,無,,全/四層,0,1,40,3,1,0,24.2805167832341,120.7800655322027,無,"185,088",bt_02.png,20,53.49,W8tLSJC3JLOK5SOpBjn57vQSCyF63044fo/+qqWX+Vo=,房地(土地+建物),990,Biz,3房2廳3衛有隔間,B20
鄉村區,乙種建築用地,豐勢路90巷31~60號,透天厝,,B,,10809,無,,全/二層,0,38,41,1,1,0,24.26202439546531,120.81476699318617,無,"100,750",bt_02.png,11,34.74,Lv82Kxdbz/SY5LVG/EYKRPQSCyF63044fo/+qqWX+Vo=,房地(土地+建物),350,Biz,4房2廳2衛有隔間,B20
鄉村區,乙種建築用地,豐勢路31~60號,透天厝,,B,,10809,無,,全/一層,0,50,42,2,1,0,24.2605875315635,120.81607215936604,無,"239,944",bt_02.png,13,12.92,8C1huY1aqqa7MMgFT59HIfQSCyF63044fo/+qqWX+Vo=,房地(土地+建物),310,Biz,3房2廳2衛有隔間,B20
鄉村區,乙種建築用地,和盛街和盛巷35弄31~60號,透天厝,,B,,10809,無,,全/一層,0,41,43,1,2,0,24.25890534705244,120.8176159824907,無,"110,717",bt_02.png,11,34.86,7eMIpKZzn1TeMva1dVzHPPQSCyF63044fo/+qqWX+Vo=,房地(土地+建物),386,Biz,3房1廳2衛有隔間,B20
鄉村區,乙種建築用地,德興里豐勢路91~120號,透天厝,,B,,10809,無,,全/二層,0,32,44,2,1,0,24.26224850388207,120.81365404409105,無,"109,689",bt_02.png,11,29.86,WdmcSQdBAajRhUdrHMQkuPQSCyF63044fo/+qqWX+Vo=,房地(土地+建物),327,Biz,3房2廳2衛有隔間,B20
住,,大智街2巷1~30號,透天厝,,B,,10808,無,,全/四層,0,35,45,1,1,0,24.275643212665138,120.77718091917849,無,"92,460",bt_02.png,13,81.12,BQFddBoV4hyCzNB8Gl5EjfQSCyF63044fo/+qqWX+Vo=,房地(土地+建物),750,Biz,5房2廳2衛有隔間,B20
住,,萬華街1~30號,透天厝,,B,,10808,無,,全/二層,0,36,46,1,1,0,24.27161824020769,120.79306798761755,無,"79,055",bt_02.png,10,37.95,K4AKEumD5PLy09JW3HvHYfQSCyF63044fo/+qqWX+Vo=,房地(土地+建物),300,Biz,4房2廳2衛有隔間,B20
工,,豐勢路691~720號,工廠,,B,,10807,無,,一層/一層,0,32,47,1,1,0,24.271198631197567,120.79424716338939,無,"285,094",bt_08.png,25,38.58,VLxI2/BJmrKH8HuoCi/KOfQSCyF63044fo/+qqWX+Vo=,房地(土地+建物),"1,100",Biz,5房2廳4衛有隔間,B20
住,,豐勢路860巷1~30號,透天厝,,B,,10806,無,,全/三層,0,26,48,1,1,0,24.27510764510076,120.78639912341306,無,"78,102",bt_02.png,12,85.27,I+JBEgGi1eKaE1MNTYb6lPQSCyF63044fo/+qqWX+Vo=,房地(土地+建物),666,Biz,4房3廳2衛有隔間,B20
農,,豐勢路山下巷1~30號,透天厝,,B,,10806,無,,全/二層,0,25,49,3,1,0,24.270340915601018,120.78230262539813,無,"279,617",bt_02.png,27,42.92,m4gaEagTBSX+Gmt2IcmWlvQSCyF63044fo/+qqWX+Vo=,房地(土地+建物),"1,200",Biz,5房3廳2衛有隔間,B20
鄉村區,乙種建築用地,豐勢路90巷31~60號,透天厝,,B,,10806,無,,全/二層,0,38,50,1,1,0,24.261974772079547,120.8145747175,無,"135,580",bt_02.png,10,33.93,tPvL+64XXVSBBnBFSpmuP/QSCyF63044fo/+qqWX+Vo=,房地(土地+建物),460,Biz,4房2廳2衛有隔間,B20
特定農業區,甲種建築用地,豐勢路梅子巷31~60號,透天厝,,B,,10805,無,,全/三層,0,14,51,1,1,0,24.27272607751804,120.802607646983,無,"110,380",bt_02.png,13,86.52,076cppeB/J3QsawcIHvM8/QSCyF63044fo/+qqWX+Vo=,房地(土地+建物),955,Biz,5房2廳4衛有隔間,B20
特定農業區,甲種建築用地,豐勢路梅子巷31~60號,透天厝,,B,,10804,無,,全/三層,0,3,52,9,1,0,24.27152886463441,120.8015500780123,無,"163,626",bt_02.png,16,53.78,bSDIfRns/b0EQerzWGEVcfQSCyF63044fo/+qqWX+Vo=,房地(土地+建物),880,Biz,4房2廳3衛有隔間,B20
鄉村區,乙種建築用地,和盛街17巷1~30號,透天厝,,B,,10804,無,,全/三層,0,39,53,1,1,0,24.259583366455306,120.81567138545394,無,"89,841",bt_02.png,9,53.43,LtnKUEBnZTH1aVf6kcr4SvQSCyF63044fo/+qqWX+Vo=,房地(土地+建物),480,Biz,4房2廳2衛有隔間,B20
特定農業區,甲種建築用地,豐勢路214巷1~30號,透天厝,,B,,10803,無,,全/二層,0,18,54,1,1,0,24.26415799640988,120.81079633238932,無,"94,949",bt_02.png,11,39.49,5DDIu5i8yUGzcR7fsuei6fQSCyF63044fo/+qqWX+Vo=,房地(土地+建物),375,Biz,3房2廳3衛有隔間,B20
住,,仁愛街32巷1~30號,透天厝,,B,,10803,無,,全/三層,-1,11,55,7,1,0,24.2748193925935,120.77854615961297,無,"155,557",bt_02.png,16,50.14,XrndzisEplKg1bSuCNxnAPQSCyF63044fo/+qqWX+Vo=,房地(土地+建物),780,Biz,4房2廳2衛有隔間,B20
特定農業區,甲種建築用地,豐勢路梅子巷31~60號,透天厝,,B,,10802,無,,全/二層,-1,38,56,1,1,0,24.2713877679557,120.80170444256814,無,"136,291",bt_02.png,8,27.00,acId2haFGiuxCCyKecy4W/QSCyF63044fo/+qqWX+Vo=,房地(土地+建物),368,Biz,4房1廳2衛有隔間,B20
特定農業區,甲種建築用地,豐勢路梅子巷1~30號,透天厝,,B,,10802,無,,全/四層,-1,20,57,2,1,0,24.26959411479306,120.80129936196177,無,"101,276",bt_02.png,13,47.40,IXeppr9nMpqJZSUk+RQdYPQSCyF63044fo/+qqWX+Vo=,房地(土地+建物),480,Biz,4房2廳3衛有隔間,B20
農,,金順街32巷1~30號,透天厝,,B,,10712,無,,全/四層,0,,58,3,1,0,24.28076514172284,120.78010943070808,無,"179,874",bt_02.png,20,54.20,viSgHtyEQ0BhdCC8prfh7/QSCyF63044fo/+qqWX+Vo=,房地(土地+建物),975,Biz,3房3廳3衛有隔間,B20
鄉村區,乙種建築用地,豐勢路77巷31~60號,透天厝,,B,,10712,無,,全/一層,0,47,59,1,1,0,24.259814932337964,120.81497435731151,無,"107,712",bt_02.png,12,19.50,q8pBHEqc6bgncVDtsl4yzfQSCyF63044fo/+qqWX+Vo=,房地(土地+建物),210,Biz,3房1廳1衛有隔間,B20
鄉村區,乙種建築用地,豐勢路91~120號,店面（店舖),92.38%,B,,10710,無,,"一層,二層,三層,四層,屋頂突出物/四層",0,29,60,1,1,0,24.26186842670158,120.81399083680839,無,"181,246",bt_03.png,8,40.83,4J2HtTo+Y6NCOVmMdsowJvQSCyF63044fo/+qqWX+Vo=,房地(土地+建物),740,Biz,5房4廳4衛有隔間,B20
農,,金順街32巷1~30號,透天厝,,B,,10710,無,,全/四層,0,,61,3,1,0,24.280402930381694,120.78001253699341,無,"156,922",bt_02.png,22,77.75,MXBviyu0xjU6hpso6Gw+I/QSCyF63044fo/+qqWX+Vo=,房地(土地+建物),"1,220",Biz,4房3廳3衛有隔間,B20
特定農業區,甲種建築用地,豐勢路421~450號,透天厝,,B,,10710,無,,全/四層,0,1,62,2,1,0,24.268319091711327,120.80268428623717,無,"169,461",bt_02.png,10,70.81,YPVT+uFvEudLmwK8/dsPg/QSCyF63044fo/+qqWX+Vo=,房地(土地+建物),"1,200",Biz,4房2廳5衛有隔間,B20
住,,石岡街金川巷1~30號,透天厝,,B,,10708,無,,全/三層,-1,14,63,2,1,0,24.272269560694888,120.7730397255066,無,"53,884",bt_02.png,15,93.16,Dgbp/T8ra9NNDbyVT5IMLvQSCyF63044fo/+qqWX+Vo=,房地(土地+建物),502,Biz,12房3廳3衛有隔間,B20
鄉村區,乙種建築用地,和盛街13巷1~30號,透天厝,,B,,10708,無,,全/三層,-1,13,64,1,1,0,24.25930364213846,120.81441914260112,無,"137,742",bt_02.png,11,45.74,o5OmBNbioLZ5WjYkjcRMZvQSCyF63044fo/+qqWX+Vo=,房地(土地+建物),630,Biz,5房2廳3衛有隔間,B20
鄉村區,乙種建築用地,和盛街1~30號,透天厝,,B,,10708,無,,全/三層,-1,30,65,1,1,0,24.258794271757356,120.81572570548502,無,"165,736",bt_02.png,9,38.01,s6xcgckHzeNLPUJIp1Mfm/QSCyF63044fo/+qqWX+Vo=,房地(土地+建物),630,Biz,4房3廳3衛有隔間,B20
農,,豐勢路881巷15弄1~30號,透天厝,,B,,10707,無,,全/二層,0,38,66,1,1,0,24.272868596006955,120.78964813146884,無,"163,250",bt_02.png,9,29.40,8oc58HAGZF9PmtDi6J9jyPQSCyF63044fo/+qqWX+Vo=,房地(土地+建物),480,Biz,5房2廳2衛有隔間,B20
特定農業區,甲種建築用地,豐勢路梅子巷1~30號,透天厝,,B,,10707,無,,全/四層,-1,20,67,2,1,0,24.26959411479306,120.80129936196177,無,"71,736",bt_02.png,13,47.40,qlRne3++wap6LFUS9Y1saPQSCyF63044fo/+qqWX+Vo=,房地(土地+建物),340,Biz,4房2廳3衛有隔間,B20
一般農業區,農牧用地,萬仙街岡仙巷1~30號,其他,,B,,10707,無,,一層/一層,1,43,68,2,1,0,24.265020095169284,120.78554020730088,無,"244,638",bt_Z.png,33,31.39,eGx5INlwyDag6asuWC/TdfQSCyF63044fo/+qqWX+Vo=,房地(土地+建物),768,Biz,4房1廳1衛有隔間,B20
農,,金順街32巷1~30號,透天厝,,B,,10707,無,,全/四層,0,,69,3,1,0,24.280908548630656,120.78000181583917,無,"173,871",bt_02.png,20,53.49,ZUWrxVb6M3j4ZEYmKreZd/QSCyF63044fo/+qqWX+Vo=,房地(土地+建物),930,Biz,3房3廳3衛有隔間,B20
鄉村區,乙種建築用地,豐勢路梅子巷37弄31~60號,透天厝,,B,,10706,無,,全/三層,-1,39,70,1,1,0,24.271909006765213,120.79983221206487,無,"57,094",bt_02.png,11,43.79,wFiW42moyqBGNWpGq84bQPQSCyF63044fo/+qqWX+Vo=,房地(土地+建物),250,Biz,4房2廳1衛有隔間,B20
特定農業區,農牧用地,豐勢路和順巷91~120號,農舍,,B,,10705,無,,"一層,二層/二層",-1,18,71,1,1,0,24.27649070993307,120.80385513687447,無,"94,397",bt_10.png,25,21.19,CIC80URjh1Ar7t8e1+CSGPQSCyF63044fo/+qqWX+Vo=,房地(土地+建物),200,Biz,2房2廳2衛有隔間,B20
特定農業區,甲種建築用地,豐勢路185巷1~30號,透天厝,,B,,10705,無,,全/一層,-1,44,72,1,1,0,24.26281105205744,120.81141151801735,無,"64,757",bt_02.png,15,15.44,/VxL2KKt0TRjiZ/R7ych9vQSCyF63044fo/+qqWX+Vo=,房地(土地+建物),100,Biz,2房1廳1衛有隔間,B20
山坡地保育區,農牧用地,豐勢路國中巷31~60號,農舍,,B,,10705,無,,"一層,二層,見其他登記事項/二層",0,9,73,1,1,0,24.266525638615942,120.80178585588014,無,"158,922",bt_10.png,56,157.31,1V2XYNdLVSVoUGggaHgqU/QSCyF63044fo/+qqWX+Vo=,房地(土地+建物),"2,500",Biz,7房2廳8衛有隔間,B20
住,,石岡街1~30號,店面（店舖),100.00%,B,,10705,無,,"一層,騎樓,見其他登記事項/一層",0,11,74,1,1,0,24.276045581556353,120.77732264687164,無,"133,312",bt_03.png,11,30.00,AYW6ctLc7g00U6XILP4Vc/QSCyF63044fo/+qqWX+Vo=,房地(土地+建物),400,Biz,3房2廳2衛有隔間,B20
鄉村區,乙種建築用地,和盛街1~30號,透天厝,,B,,10704,無,,全/三層,-1,30,75,1,1,0,24.258794271757356,120.81572570548502,無,"107,861",bt_02.png,9,38.01,C7qnDIdkeO9r7HuDXcCpD/QSCyF63044fo/+qqWX+Vo=,房地(土地+建物),410,Biz,5房2廳3衛有隔間,B20
特定農業區,甲種建築用地,豐勢路214巷1~30號,透天厝,,B,,10704,無,,全/二層,-1,17,76,1,1,0,24.26415799640988,120.81079633238932,無,"88,621",bt_02.png,11,39.49,WA4RFaAXVelLj805ZYe94PQSCyF63044fo/+qqWX+Vo=,房地(土地+建物),350,Biz,4房2廳2衛有隔間,B20
農,,萬興里萬墩街66巷31~60號,透天厝,,B,,10704,無,,全/二層,-1,29,77,2,1,0,24.275666101627078,120.79297948041791,無,"139,633",bt_02.png,12,31.51,cTqHfvLxJW9XKjnwO+wwQvQSCyF63044fo/+qqWX+Vo=,房地(土地+建物),440,Biz,3房2廳2衛有隔間,B20
鄉村區,乙種建築用地,豐勢路91~120號,透天厝,,B,,10703,無,,全/二層,-1,47,78,1,1,0,24.26200541665274,120.8137916911267,無,"126,079",bt_02.png,8,40.05,EWhASOLcMFLmA2hHp0UDJ/QSCyF63044fo/+qqWX+Vo=,房地(土地+建物),505,Biz,6房2廳3衛有隔間,B20
住,,萬墩街66巷31~60號,透天厝,,B,,10703,無,,全/三層,-1,30,79,1,1,0,24.27581065233707,120.7931764408691,無,"28,714",bt_02.png,18,41.79,i2S4QwM1UCA3a0ICyq6wVvQSCyF63044fo/+qqWX+Vo=,房地(土地+建物),120,Biz,7房3廳3衛有隔間,B20
特定農業區,農牧用地,德興里豐勢路91巷61~90號,農舍,,B,,10702,無,,"一層,二層,三層,屋頂突出物/三層",0,21,80,1,1,0,24.26137828122733,120.81264325194564,無,"87,021",bt_10.png,25,124.11,1UhiIK+nRKtPkJKsya3rePQSCyF63044fo/+qqWX+Vo=,房地(土地+建物),"1,080",Biz,5房4廳4衛有隔間,B20
住,,萬興街56巷1~30號,透天厝,,B,,10701,無,,全/二層,-1,40,81,1,1,0,24.27327589235758,120.79432212333936,無,"124,902",bt_02.png,9,28.82,l9ewaku7Fqb+sA7VZ1hBp/QSCyF63044fo/+qqWX+Vo=,房地(土地+建物),360,Biz,3房3廳2衛有隔間,B20
一般農業區,農牧用地,萬仙街岡仙巷1~30號,農舍,,B,,10701,無,,"一層,二層/二層",0,13,82,2,1,0,24.265316464522428,120.78537375314095,無,"265,620",bt_10.png,55,62.87,IRdM9Z+CcGlHxNdB/pRZR/QSCyF63044fo/+qqWX+Vo=,房地(土地+建物),"1,670",Biz,5房2廳2衛有隔間,B20
特定農業區,甲種建築用地,豐勢路185巷1~30號,透天厝,,B,,10701,無,,全/二層,-1,45,83,1,1,0,24.262720362522945,120.81145153979169,無,"48,803",bt_02.png,11,35.86,lkpJ9fBRxaS01x/ahcBQX/QSCyF63044fo/+qqWX+Vo=,房地(土地+建物),175,Biz,3房2廳2衛有隔間,B20
特定農業區,甲種建築用地,豐勢路明山巷1~30號,透天厝,,B,,10612,無,,全/二層,-1,38,84,1,1,0,24.26714512181015,120.80675973687114,無,"68,129",bt_02.png,9,33.76,eZTv+1PcIyNm2i+h7SHv2/QSCyF63044fo/+qqWX+Vo=,房地(土地+建物),230,Biz,3房1廳2衛有隔間,B20
住,,萬興街56巷1~30號,透天厝,,B,,10612,無,,全/二層,-1,40,85,1,1,0,24.27327589235758,120.79432212333936,無,"79,798",bt_02.png,9,28.82,A+Hi8FBWZC6FPBzuVaqSIPQSCyF63044fo/+qqWX+Vo=,房地(土地+建物),230,Biz,3房3廳2衛有隔間,B20
特定農業區,甲種建築用地,豐勢路慈雲巷1~30號,透天厝,,B,,10611,無,,全/三層,0,14,86,1,1,0,24.264629442098208,120.80736137644075,無,"109,253",bt_02.png,10,52.17,w4TIXDSO8aHxQs/4Ymwm4vQSCyF63044fo/+qqWX+Vo=,房地(土地+建物),570,Biz,3房2廳3衛有隔間,B20
住,,大智街1~30號,透天厝,,B,,10611,無,,全/三層,-1,19,87,1,1,0,24.275060187376404,120.77710865339421,無,"162,307",bt_02.png,9,50.83,H3HxiIt+Qn5xLET8KgvcY/QSCyF63044fo/+qqWX+Vo=,房地(土地+建物),825,Biz,5房3廳3衛有隔間,B20
住,,豐勢路751~780號,透天厝,,B,,10611,無,,全/三層,-1,20,88,1,1,0,24.273255896654224,120.79091120864368,無,"188,803",bt_02.png,9,40.25,pwGAin0Nl35aPezXijLP0/QSCyF63044fo/+qqWX+Vo=,房地(土地+建物),760,Biz,4房3廳3衛有隔間,B20
鄉村區,乙種建築用地,和盛街1~30號,透天厝,,B,,10611,無,,全/二層,-1,29,89,2,1,0,24.259482534333326,120.8159197164457,無,"149,365",bt_02.png,7,17.74,VsWDixMmzP0bAl3ppX/3W/QSCyF63044fo/+qqWX+Vo=,房地(土地+建物),265,Biz,4房2廳2衛有隔間,B20
農,,豐勢路881巷1~30號,透天厝,,B,,10610,無,,全/二層,-1,37,90,1,1,0,24.273184403991745,120.78949001663301,無,"149,907",bt_02.png,9,33.35,IWGyqdxuSpXZ4g747rz8MvQSCyF63044fo/+qqWX+Vo=,房地(土地+建物),500,Biz,3房2廳3衛有隔間,B20
農,,萬墩街31~60號,透天厝,,B,,10610,無,,全/三層,0,15,91,1,1,0,24.273841662020864,120.792726540715,無,"19,375",bt_02.png,10,35.10,3A7+bhRT/oCXBcdQsjsw4PQSCyF63044fo/+qqWX+Vo=,房地(土地+建物),68,Biz,4房2廳2衛有隔間,B20
鄉村區,乙種建築用地,和盛街1~30號,透天厝,,B,,10609,無,,全/二層,-1,29,92,2,1,0,24.259482534333326,120.8159197164457,無,"143,729",bt_02.png,7,17.74,qP1k92WlScfecTKISCfkCvQSCyF63044fo/+qqWX+Vo=,房地(土地+建物),255,Biz,4房2廳3衛有隔間,B20
山坡地保育區,農牧用地,萬仙街1~30號,農舍,,B,,10609,無,,"一層,二層/二層",-1,26,93,3,1,0,24.261394254726362,120.78865899468059,無,"144,079",bt_10.png,54,138.81,WSoqyixcAHo6ZDb5xi9INfQSCyF63044fo/+qqWX+Vo=,房地(土地+建物),"2,000",Biz,4房1廳3衛有隔間,B20
特定農業區,甲種建築用地,石岡區德興里15鄰豐勢路91巷151~180號,透天厝,,B,,10608,無,,全/二層,-1,40,94,1,1,0,24.261965782944937,120.81166538740918,無,"54,496",bt_02.png,8,27.16,VJgJtCht9aEFmGj7tqROXPQSCyF63044fo/+qqWX+Vo=,房地(土地+建物),148,Biz,3房2廳1衛有隔間,B20
鄉村區,乙種建築用地,豐勢路77巷1~30號,透天厝,,B,,10608,無,,全/一層,0,46,95,1,1,0,24.260040175648616,120.81487593849019,無,"159,855",bt_02.png,10,15.64,9UyCozofQRz4tK/pLvtSv/QSCyF63044fo/+qqWX+Vo=,房地(土地+建物),250,Biz,3房2廳1衛有隔間,B20
鄉村區,乙種建築用地,豐勢路梅子巷37弄1~30號,透天厝,,B,,10607,無,,全/二層,-1,38,96,1,1,0,24.27190780782677,120.79961650799278,無,"73,309",bt_02.png,10,40.92,rAZbsjcXilLGwYGcWUefxPQSCyF63044fo/+qqWX+Vo=,房地(土地+建物),300,Biz,4房2廳2衛有隔間,B20
住,,石岡街91~120號,透天厝,,B,,10606,無,,全/三層,0,37,97,6,1,0,24.276420989516858,120.77442562216447,無,"77,491",bt_02.png,17,64.52,mJhnB8hC5J7AwWablM/wfPQSCyF63044fo/+qqWX+Vo=,房地(土地+建物),500,Biz,4房2廳3衛有隔間,B20
住,,明德路187巷7弄1~30號,透天厝,,B,,10606,無,,全/三層,-1,23,98,2,1,0,24.2742027910434,120.77236434122639,無,"148,436",bt_02.png,14,16.17,Xhb6i0Yt1BxXH+gPWaeRrPQSCyF63044fo/+qqWX+Vo=,房地(土地+建物),240,Biz,3房2廳3衛有隔間,B20
鄉村區,乙種建築用地,豐勢路1巷1~30號,透天厝,,B,,10606,無,,全/三層,-1,11,99,3,1,0,24.259473000309782,120.81700504974525,無,"125,845",bt_02.png,9,35.76,3sd8orkMAxeJGRKkksFh+vQSCyF63044fo/+qqWX+Vo=,房地(土地+建物),450,Biz,4房2廳2衛有隔間,B20
鄉村區,乙種建築用地,豐勢路梅子巷37弄31~60號,透天厝,,B,,10605,無,,全/二層,-1,37,100,1,1,0,24.271874049000022,120.80002827355582,無,"106,734",bt_02.png,5,27.17,yzbXsIwfN3bbe9JLmIGhZvQSCyF63044fo/+qqWX+Vo=,房地(土地+建物),290,Biz,4房1廳2衛有隔間,B20
鄉村區,乙種建築用地,豐勢路1巷1~30號,透天厝,,B,,10605,無,,全/三層,-1,11,101,3,1,0,24.259473000309782,120.81700504974525,無,"125,845",bt_02.png,9,35.76,CurlgZ5ovq8YRq8ZY8sABvQSCyF63044fo/+qqWX+Vo=,房地(土地+建物),450,Biz,4房2廳2衛有隔間,B20
特定農業區,甲種建築用地,豐勢路梅子巷1~30號,透天厝,,B,,10603,無,,全/四層,-1,18,102,2,1,0,24.26968647285818,120.80135614797614,無,"71,736",bt_02.png,13,47.40,03IuXESBLdMmFwcYra04N/QSCyF63044fo/+qqWX+Vo=,房地(土地+建物),340,Biz,4房2廳3衛有隔間,B20
鄉村區,乙種建築用地,和盛街營林巷151~180號,透天厝,,B,,10603,無,,全/二層,0,35,103,1,1,0,24.257416494780383,120.81580253963989,無,"108,850",bt_02.png,9,30.78,ksgv1olya7xq27IrM4ljYfQSCyF63044fo/+qqWX+Vo=,房地(土地+建物),335,Biz,3房2廳2衛有隔間,B20
住,,明德路121~150號,店面（店舖),89.29%,B,,10603,無,,"一層,二層,三層,見其他登記事項/三層",0,10,104,1,1,0,24.274793680775723,120.7751706778686,無,"267,478",bt_03.png,10,44.86,5hoRU7qyEXs6j3jcP8q4rvQSCyF63044fo/+qqWX+Vo=,房地(土地+建物),"1,200",Biz,4房1廳2衛有隔間,B20
特定農業區,甲種建築用地,豐勢路梅子巷31~60號,透天厝,,B,,10602,無,,全/二層,-1,36,105,1,1,0,24.2713877679557,120.80170444256814,無,"114,810",bt_02.png,8,27.00,oUTr6pZDMUR7MTyOh2DgxvQSCyF63044fo/+qqWX+Vo=,房地(土地+建物),310,Biz,4房2廳2衛有隔間,B20
農,,豐勢路山下巷1~30號,透天厝,,B,,10602,無,,全/三層,-1,21,106,1,1,0,24.270620472140166,120.78080305828134,無,"66,889",bt_02.png,9,50.83,fKK+OREmVN81lx8z4vGT6/QSCyF63044fo/+qqWX+Vo=,房地(土地+建物),340,Biz,3房2廳2衛有隔間,B20
特定農業區,丁種建築用地,豐勢路451~480號,廠辦,,B,,10602,無,,"一層,二層/二層",0,16,107,3,1,0,24.269013615797604,120.8010861394067,無,"180,483",bt_09.png,24,210.55,TCug9Tn18fa+V6XosVSXNPQSCyF63044fo/+qqWX+Vo=,房地(土地+建物),"3,800",Biz,,B20
特定農業區,甲種建築用地,豐勢路明山巷1~30號,透天厝,,B,,10512,無,,全/二層,-1,37,108,1,1,0,24.267092507803017,120.80657071143267,無,"20,182",bt_02.png,8,29.81,68EbQNfPpQkWckmz2+LaOPQSCyF63044fo/+qqWX+Vo=,房地(土地+建物),60,Biz,4房2廳2衛有隔間,B20
工,,豐勢路1291~1320號,工廠,,B,,10512,無,,一層/一層,-1,41,109,4,2,0,24.27683016449071,120.76382536513069,無,"240,043",bt_08.png,41,332.44,wpSonjVzUeTl9GF0npevMvQSCyF63044fo/+qqWX+Vo=,房地(土地+建物),"7,980",Biz,,B20
農,,石城街復興巷61~90號,透天厝,,B,,10512,無,,全/三層,-1,11,110,6,1,0,24.278492587832087,120.78331659129287,無,"317,636",bt_02.png,48,85.00,fsWstbCLMX7ecIaBvhTIJfQSCyF63044fo/+qqWX+Vo=,房地(土地+建物),"2,700",Biz,6房3廳6衛有隔間,B20
住,,金順街36巷1~30號,透天厝,,B,,10511,無,,全/四層,-1,10,111,2,1,0,24.280468692918713,120.78021681617626,無,"100,919",bt_02.png,10,59.45,HWXf0zlRUi4SgKZ5k32Qk/QSCyF63044fo/+qqWX+Vo=,房地(土地+建物),600,Biz,5房1廳3衛有隔間,B20
住,,明德路61~90號,店面（店舖),90.98%,B,,10510,無,,"一層,二層,三層,騎樓,見其他登記事項/三層",1,,112,2,1,0,24.27429008135409,120.77840524055087,無,"165,924",bt_03.png,10,67.02,bA2d6jkYS8oKeWJBBNWmr/QSCyF63044fo/+qqWX+Vo=,房地(土地+建物),"1,112",Biz,4房2廳5衛有隔間,B20
特定農業區,甲種建築用地,豐勢路梅子巷31~60號,透天厝,,B,,10509,無,,全/三層,1,1,113,9,1,0,24.27152886463441,120.8015500780123,無,"145,031",bt_02.png,17,53.78,6quJG7CHAGQUfLrGhk96u/QSCyF63044fo/+qqWX+Vo=,房地(土地+建物),780,Biz,5房2廳3衛有隔間,B20
特定農業區,甲種建築用地,豐勢路335巷1~30號,透天厝,,B,,10509,無,,全/三層,-1,15,114,1,1,0,24.264543631912073,120.80805684674593,無,"117,349",bt_02.png,10,40.05,D1+yirhvE7V5oTHHpaqBFPQSCyF63044fo/+qqWX+Vo=,房地(土地+建物),470,Biz,4房2廳2衛有隔間,B20
住,,大智街1~30號,透天厝,,B,,10508,無,,全/三層,-1,18,115,1,1,0,24.275060187376404,120.77710865339421,無,"146,569",bt_02.png,9,50.83,bPL52m+1qu/Egp4VGnfi3PQSCyF63044fo/+qqWX+Vo=,房地(土地+建物),745,Biz,5房3廳3衛有隔間,B20
農,,豐勢路山下巷1~30號,透天厝,,B,,10508,無,,全/二層,-1,36,116,1,1,0,24.272369145236382,120.78566675343858,無,"99,131",bt_02.png,8,28.75,ythAITvDIG8TDTV09lMLSPQSCyF63044fo/+qqWX+Vo=,房地(土地+建物),285,Biz,3房1廳2衛有隔間,B20
特定農業區,甲種建築用地,臺中市石岡區豐勢路91巷781~810號,透天厝,,B,,10507,無,,全/二層,-1,30,117,1,1,0,24.26120043334382,120.81252217579393,無,"16,559",bt_02.png,11,36.23,8wd6ELVZ5RTqAFXdFNOSC/QSCyF63044fo/+qqWX+Vo=,房地(土地+建物),60,Biz,4房2廳2衛有隔間,B20
鄉村區,乙種建築用地,豐勢路91~120號,透天厝,,B,,10507,無,,全/二層,-1,45,118,1,1,0,24.26200541665274,120.8137916911267,無,"137,316",bt_02.png,8,40.05,XhtIyyXFDb3Wk6QrIaj6WPQSCyF63044fo/+qqWX+Vo=,房地(土地+建物),550,Biz,3房2廳2衛有隔間,B20
住,,明德路61~90號,透天厝,,B,,10506,無,,全/三層,1,,119,2,1,0,24.27429286344725,120.7784515296052,無,"172,787",bt_02.png,10,67.02,hEIRr+8rHOoN3I/JvloEl/QSCyF63044fo/+qqWX+Vo=,房地(土地+建物),"1,158",Biz,4房3廳5衛有隔間,B20
特定農業區,甲種建築用地,豐勢路梅子巷31~60號,透天厝,,B,,10506,無,,全/三層,1,1,120,9,1,0,24.271773648384745,120.80161765991528,無,"145,031",bt_02.png,17,53.78,e0pjAXqnyU1X6NLixG00avQSCyF63044fo/+qqWX+Vo=,房地(土地+建物),780,Biz,5房2廳2衛有隔間,B20
鄉村區,乙種建築用地,和盛里和盛街和盛巷35弄1~30號,其他,,B,,10504,無,,一層/一層,-1,40,121,1,1,0,24.258554697592217,120.81697386386527,無,"173,405",bt_Z.png,8,13.55,Skunv3AYJ57HhtmFLIYY0/QSCyF63044fo/+qqWX+Vo=,房地(土地+建物),235,Biz,4房1廳1衛有隔間,B20
特定農業區,甲種建築用地,豐勢路159巷31~60號,透天厝,,B,,10503,無,,全/二層,-1,37,122,1,1,0,24.26218830070281,120.81198416206827,無,"70,767",bt_02.png,9,32.50,UwawwVJMrKx4/gTMwpEc4fQSCyF63044fo/+qqWX+Vo=,房地(土地+建物),230,Biz,4房3廳2衛有隔間,B20
特定農業區,甲種建築用地,豐勢路梅子巷31~60號,透天厝,,B,,10502,無,,全/三層,1,,123,9,1,0,24.271789703233868,120.80146201164986,無,"148,750",bt_02.png,16,53.78,6acWAtya9a1HenxLPAskpPQSCyF63044fo/+qqWX+Vo=,房地(土地+建物),800,Biz,5房2廳3衛有隔間,B20
特定農業區,甲種建築用地,豐勢路明山巷1~30號,透天厝,,B,,10502,無,,全/二層,-1,36,124,1,1,0,24.267126550323578,120.8063559468934,無,"92,238",bt_02.png,8,29.81,ISYDBGqCd++WJriWmJpSC/QSCyF63044fo/+qqWX+Vo=,房地(土地+建物),275,Biz,3房2廳2衛有隔間,B20
鄉村區,乙種建築用地,和盛街和盛巷35弄31~60號,透天厝,,B,,10501,無,,全/四層,-1,21,125,2,1,0,24.259052000416954,120.8175542195151,無,"31,736",bt_02.png,15,70.90,i7MTTFebMrQ6QlzrLzotwvQSCyF63044fo/+qqWX+Vo=,房地(土地+建物),225,Biz,5房2廳2衛有隔間,B20
商,,豐勢路1111~1140號,透天厝,,B,,10501,無,,全/四層,-1,9,126,2,1,0,24.27632832059703,120.77678631848913,無,"116,585",bt_02.png,9,66.90,jhnS7cq6+5Ja2eZNWZZ+ZPQSCyF63044fo/+qqWX+Vo=,房地(土地+建物),780,Biz,5房3廳5衛有隔間,B20
農,,明德路187巷7弄1~30號,透天厝,,B,,10501,無,,全/三層,0,15,127,2,1,0,24.274083483119732,120.77240611971752,無,"72,522",bt_02.png,26,68.94,q8XwvAwtFkWWRlJmfvpqbvQSCyF63044fo/+qqWX+Vo=,房地(土地+建物),500,Biz,6房2廳3衛有隔間,B20
特定農業區,甲種建築用地,豐勢路梅子巷31~60號,透天厝,,B,,10501,無,,全/三層,1,,128,9,1,0,24.27189984725864,120.80145987058778,無,"146,889",bt_02.png,16,53.78,Ar8L5WeDapmEG6wG4Ul5y/QSCyF63044fo/+qqWX+Vo=,房地(土地+建物),790,Biz,5房2廳3衛有隔間,B20
特定農業區,農牧用地,豐勢路梅子巷61~90號,農舍,,B,,10501,無,,"一層,二層,三層/三層",-1,14,129,2,1,0,24.273637936275936,120.80108731272136,無,"126,969",bt_10.png,76,91.36,ONU8seEaInEYN0Ew4zVhmfQSCyF63044fo/+qqWX+Vo=,房地(土地+建物),"1,160",Biz,,B20
特定農業區,甲種建築用地,豐勢路梅子巷31~60號,透天厝,,B,,10501,無,,全/四層,1,,130,8,1,0,24.27152886463441,120.8015500780123,無,"147,934",bt_02.png,16,50.36,Cy7AM+r0AXsmQifiP6aiLfQSCyF63044fo/+qqWX+Vo=,房地(土地+建物),745,Biz,5房2廳3衛有隔間,B20
住,,萬安里大智街1~30號,透天厝,,B,,10501,無,,全/二層,-1,24,131,1,1,0,24.27544319694386,120.77723209326275,無,"259,395",bt_02.png,9,26.99,XpO4BiEqSlYGb3YjxCwiePQSCyF63044fo/+qqWX+Vo=,房地(土地+建物),700,Biz,3房2廳3衛有隔間,B20
特定農業區,甲種建築用地,豐勢路梅子巷31~60號,透天厝,,B,,10412,無,,全/四層,1,,132,8,1,0,24.27152886463441,120.8015500780123,無,"145,392",bt_02.png,16,57.09,VZbetuY5XtS+ZbVC1GDV8vQSCyF63044fo/+qqWX+Vo=,房地(土地+建物),830,Biz,5房2廳3衛有隔間,B20
住,,大智街2巷1~30號,透天厝,,B,,10412,無,,全/四層,-1,31,133,1,1,0,24.275496659356737,120.77736103312445,無,"117,117",bt_02.png,17,81.12,146oM5OFtHJalzXpoP0xF/QSCyF63044fo/+qqWX+Vo=,房地(土地+建物),950,Biz,4房1廳2衛有隔間,B20
特定農業區,甲種建築用地,豐勢路梅子巷31~60號,透天厝,,B,,10411,無,,全/四層,1,,134,3,1,0,24.27152886463441,120.8015500780123,無,"145,412",bt_02.png,13,60.52,L0Gy0yyILQcne4aY6NPFDfQSCyF63044fo/+qqWX+Vo=,房地(土地+建物),880,Biz,5房2廳3衛有隔間,B20
特定農業區,甲種建築用地,豐勢路梅子巷31~60號,透天厝,,B,,10411,無,,全/三層,1,,135,8,1,0,24.272001888771097,120.8014666067468,無,"141,712",bt_02.png,16,54.34,qvlXVjhScLpzk4oc+ZU24fQSCyF63044fo/+qqWX+Vo=,房地(土地+建物),770,Biz,5房2廳3衛有隔間,B20
特定農業區,甲種建築用地,豐勢路梅子巷31~60號,透天厝,,B,,10411,無,,全/三層,1,,136,9,1,0,24.271966697522892,120.80148537565177,無,"135,861",bt_02.png,16,51.89,bJr7Or7FoWNyIO3K9bgiovQSCyF63044fo/+qqWX+Vo=,房地(土地+建物),705,Biz,5房2廳3衛有隔間,B20
鄉村區,乙種建築用地,和盛街17巷1~30號,透天厝,,B,,10411,無,,全/三層,-1,38,137,1,1,0,24.25937651381905,120.81561160706475,無,"29,405",bt_02.png,9,61.21,da3+Sqe1EZ64/aafZSEavPQSCyF63044fo/+qqWX+Vo=,房地(土地+建物),180,Biz,,B20
特定農業區,甲種建築用地,豐勢路梅子巷31~60號,透天厝,,B,,10411,無,,全/三層,1,,138,9,1,0,24.271631561054605,120.80171391379054,無,"146,889",bt_02.png,17,53.78,7tBEWX8yYLyq28vIGXU2bPQSCyF63044fo/+qqWX+Vo=,房地(土地+建物),790,Biz,5房2廳3衛有隔間,B20
特定農業區,甲種建築用地,豐勢路梅子巷31~60號,透天厝,,B,,10411,無,,全/四層,1,,139,3,1,0,24.27152886463441,120.8015500780123,無,"143,488",bt_02.png,12,57.50,2eywYwyZacAryuyg4Hw02vQSCyF63044fo/+qqWX+Vo=,房地(土地+建物),825,Biz,5房2廳3衛有隔間,B20
住,,豐勢路1116巷1~30號,透天厝,,B,,10411,無,,全/三層,-1,7,140,3,1,0,24.277846163624528,120.7722442781151,無,"143,755",bt_02.png,28,52.17,XzCKabngbo2DKsqeRxoYfPQSCyF63044fo/+qqWX+Vo=,房地(土地+建物),750,Biz,3房3廳3衛有隔間,B20
特定農業區,甲種建築用地,豐勢路梅子巷31~60號,透天厝,,B,,10411,無,,全/三層,1,,141,9,1,0,24.272010391179823,120.80140798844333,無,"144,165",bt_02.png,16,52.02,5TV0UlzIrAoOLvD0t1ScAPQSCyF63044fo/+qqWX+Vo=,房地(土地+建物),750,Biz,5房2廳3衛有隔間,B20
特定農業區,甲種建築用地,豐勢路和順巷31~60號,透天厝,,B,,10411,無,,全/二層,-1,34,142,1,1,0,24.272913113650112,120.80404038588796,無,"47,253",bt_02.png,10,31.74,zRImXGqNv5qljdrRXahC5PQSCyF63044fo/+qqWX+Vo=,房地(土地+建物),150,Biz,4房2廳2衛有隔間,B20
住,,仁愛街61~90號,透天厝,,B,,10410,無,,全/三層,-1,24,143,1,1,0,24.274596610063156,120.77746799433974,無,"143,712",bt_02.png,10,48.01,MGt5llpG7qcy/m7PT9HYHvQSCyF63044fo/+qqWX+Vo=,房地(土地+建物),690,Biz,7房2廳3衛有隔間,B20
鄉村區,乙種建築用地,和盛街和盛巷35弄1~30號,透天厝,,B,,10410,無,,全/三層,-1,22,144,1,1,0,24.25879638415369,120.81672927302226,無,"104,079",bt_02.png,10,43.24,XktSsk55IfdbR1lHOV1l1vQSCyF63044fo/+qqWX+Vo=,房地(土地+建物),450,Biz,4房2廳3衛有隔間,B20
特定農業區,甲種建築用地,豐勢路185巷1~30號,透天厝,,B,,10410,無,,全/一層,1,42,145,1,1,0,24.262659030825102,120.81150875375238,無,"31,650",bt_02.png,10,12.64,eLVYTVPHU+rs05p/fdwM3vQSCyF63044fo/+qqWX+Vo=,房地(土地+建物),40,Biz,2房1廳1衛有隔間,B20
住,,豐勢路751~780號,店面（店舖),95.48%,B,,10410,無,,"一層,二層,三層,騎樓,電梯樓梯間/三層",-1,18,146,1,1,0,24.273255896654224,120.79091120864368,無,"161,474",bt_03.png,9,40.25,JRhMT/2utiFWsBvknTBN3/QSCyF63044fo/+qqWX+Vo=,房地(土地+建物),650,Biz,4房2廳2衛有隔間,B20
山坡地保育區,丁種建築用地,萬仙街1~30號,工廠,,B,,10409,無,,"一層,地下一層,地下二層/一層",-1,36,147,2,1,0,24.26675263948976,120.79193040604359,無,"181,263",bt_08.png,39,252.66,YVjlu8gzPgHir+mEj8LV2fQSCyF63044fo/+qqWX+Vo=,房地(土地+建物),"4,579",Biz,,B20
其他,,豐勢路901~930號,工廠,,B,,10409,無,,"一層,二層,電梯樓梯間/二層",1,33,148,2,1,0,24.27385111870321,120.78715256171235,無,"483,144",bt_08.png,35,105.86,qcl9r8jFgBAlsa8s86u24vQSCyF63044fo/+qqWX+Vo=,房地(土地+建物),"5,114",Biz,3房1廳2衛有隔間,B20
特定農業區,農牧用地,豐勢路梅子巷27弄1~30號,透天厝,,B,,10409,無,,全/二層,-1,34,149,2,1,0,24.269967487681008,120.80137422807903,無,"120,579",bt_02.png,21,31.51,lGZdJx26qA3ClriKm7M2KfQSCyF63044fo/+qqWX+Vo=,房地(土地+建物),380,Biz,4房2廳3衛有隔間,B20
特定農業區,甲種建築用地,豐勢路和順巷91~120號,其他,,B,,10408,無,,"一層,見其他登記事項/一層",0,10,150,2,1,0,24.27573945878105,120.80383856055285,無,"180,985",bt_Z.png,25,71.17,MVYel0vPnDBTrz7UdXNAL/QSCyF63044fo/+qqWX+Vo=,房地(土地+建物),"1,288",Biz,4房3廳2衛有隔間,B20
鄉村區,乙種建築用地,和盛街營林巷181~210號,店面（店舖),100.00%,B,,10408,無,,"一層,二層,屋頂突出物/二層",-1,30,151,1,1,0,24.257940034088218,120.81566390617519,無,"109,683",bt_03.png,9,27.35,beEEPBeAJHXP4r+8lpvFufQSCyF63044fo/+qqWX+Vo=,房地(土地+建物),300,Biz,6房1廳2衛有隔間,B20
農,,豐勢路山下巷1~30號,透天厝,,B,,10407,無,,全/二層,-1,35,152,1,1,0,24.272152160178354,120.78546027583157,無,"48,840",bt_02.png,8,30.71,d4nenrY0lrqyn3qcka6VAPQSCyF63044fo/+qqWX+Vo=,房地(土地+建物),150,Biz,4房2廳2衛有隔間,B20
農,,豐勢路901~930號,透天厝,,B,,10407,無,,全/三層,-1,8,153,1,1,0,24.27391761262425,120.78692196710165,無,"15,769",bt_02.png,10,52.71,S8as9pZT+2k4GALKrdN1kPQSCyF63044fo/+qqWX+Vo=,房地(土地+建物),83,Biz,4房2廳3衛有隔間,B20
住,,仁愛街16巷1~30號,透天厝,,B,,10406,無,,全/三層,0,8,154,1,1,0,24.274872882568197,120.7786947989701,無,"145,107",bt_02.png,9,50.17,QGG+ypV4d/jNjG9CumvmHPQSCyF63044fo/+qqWX+Vo=,房地(土地+建物),728,Biz,4房3廳3衛有隔間,B20
住,,忠孝街211~240號,透天厝,,B,,10405,無,,全/四層,1,1,155,1,1,0,24.275335945291328,120.77459695533356,無,"133,431",bt_02.png,11,81.69,/Uk6eDmU6PxH3gc7nQdHU/QSCyF63044fo/+qqWX+Vo=,房地(土地+建物),"1,090",Biz,6房1廳4衛有隔間,B20
鄉村區,乙種建築用地,豐勢路90巷31~60號,透天厝,,B,,10405,無,,全/二層,-1,34,156,1,1,0,24.262370710299344,120.814427690662,無,"124,040",bt_02.png,11,34.67,gW7ukgMzb0frvJmmbF2rQvQSCyF63044fo/+qqWX+Vo=,房地(土地+建物),430,Biz,4房2廳2衛有隔間,B20
農,,石城街復興巷31~60號,透天厝,,B,,10404,無,,全/三層,-1,20,157,1,1,0,24.278916175238088,120.77845296736149,無,"159,722",bt_02.png,11,41.32,QHDwx8WMEKqMvxqWbG+DefQSCyF63044fo/+qqWX+Vo=,房地(土地+建物),660,Biz,4房2廳3衛有隔間,B20
鄉村區,乙種建築用地,和盛里和盛街1~30號,透天厝,,B,,10404,無,,全/二層,-1,27,158,2,1,0,24.259482534333326,120.8159197164457,無,"124,003",bt_02.png,7,17.74,WYMVaaSQ6SHUmxfE6dbHKvQSCyF63044fo/+qqWX+Vo=,房地(土地+建物),220,Biz,3房2廳2衛有隔間,B20
鄉村區,乙種建築用地,和盛街和盛巷35弄1~30號,透天厝,,B,,10404,無,,全/二層,-1,37,159,1,1,0,24.258936741209876,120.81706884831085,無,"70,331",bt_02.png,9,33.41,zDEelhD7O8suKI1pNlLlUvQSCyF63044fo/+qqWX+Vo=,房地(土地+建物),235,Biz,,B20
農,,萬仙街31~60號,農舍,,B,,10403,無,,"一層,二層/二層",-1,22,160,5,1,0,24.271682425488745,120.79114327841624,無,"377,630",bt_10.png,50,96.19,A027oYbX667J929kaJYMlPQSCyF63044fo/+qqWX+Vo=,房地(土地+建物),"3,632",Biz,2房3廳3衛有隔間,B20
農,,明德路187巷7弄1~30號,透天厝,,B,,10402,無,,全/三層,-1,20,161,2,1,0,24.274134276128027,120.77286354997426,無,"109,091",bt_02.png,15,51.79,qBNiqjggIkk+o880QeE7J/QSCyF63044fo/+qqWX+Vo=,房地(土地+建物),565,Biz,4房2廳3衛有隔間,B20
鄉村區,乙種建築用地,豐勢路90巷31~60號,透天厝,,B,,10401,無,,全/二層,-1,34,162,1,1,0,24.262370710299344,120.814427690662,無,"100,962",bt_02.png,11,34.67,WQD3ZDoKzWX3/HAxxL/LHfQSCyF63044fo/+qqWX+Vo=,房地(土地+建物),350,Biz,2房1廳2衛有隔間,B20
鄉村區,乙種建築用地,豐勢路31~60號,透天厝,,B,,10401,無,,全/二層,-1,35,163,1,1,0,24.26078813675893,120.8159020785385,無,"46,314",bt_02.png,9,29.15,zJfIuoFerEVopUB/J3l9//QSCyF63044fo/+qqWX+Vo=,房地(土地+建物),135,Biz,3房1廳2衛有隔間,B20
住,,石岡街金川巷1~30號,透天厝,,B,,10312,無,,全/二層,-1,37,164,1,1,0,24.272683240126973,120.77253764425392,無,"25,474",bt_02.png,10,29.78,Qhej8NaVltteyVcy6GunsfQSCyF63044fo/+qqWX+Vo=,房地(土地+建物),75,Biz,2房1廳2衛有隔間,B20
一般農業區,農牧用地,龍興里萬仙街岡仙巷1~30號,透天厝,,B,,10312,無,,全/一層,-1,25,165,1,1,0,24.26353592190802,120.78764741514554,無,"337,993",bt_02.png,63,44.38,++OOjwL3RF3oEZW8sTMp9fQSCyF63044fo/+qqWX+Vo=,房地(土地+建物),"1,500",Biz,4房2廳3衛有隔間,B20
鄉村區,乙種建築用地,和盛街13巷1~30號,華廈(10層含以下有電梯),62.04%,B,,10312,無,,七層/七層,-1,10,166,1,1,0,24.259261622718423,120.81468206320862,有,"85,207",bt_06.png,45,38.73,EpWBB3u8xn8o7FIGoV2GyPQSCyF63044fo/+qqWX+Vo=,房地(土地+建物),330,Biz,3房1廳2衛有隔間,B20
住,,金順街36巷1~30號,透天厝,,B,,10311,無,,全/四層,-1,8,167,2,1,0,24.280416587061264,120.78040209025173,無,"100,919",bt_02.png,10,59.45,/WiDuHEfxeIT6xvPjDY8h/QSCyF63044fo/+qqWX+Vo=,房地(土地+建物),600,Biz,4房2廳3衛有隔間,B20
鄉村區,乙種建築用地,和盛街1~30號,透天厝,,B,,10310,無,,全/二層,-1,26,168,2,1,0,24.259501347788206,120.81580052085056,無,"212,149",bt_02.png,9,18.85,Y5TLxIWNvmQIQiPYkQZji/QSCyF63044fo/+qqWX+Vo=,房地(土地+建物),400,Biz,3房1廳3衛有隔間,B20
農,,豐勢路901~930號,店面（店舖),96.23%,B,,10310,無,,"一層,二層,三層,見其他登記事項/三層",-1,7,169,2,1,0,24.274101896053747,120.78698666810949,無,"225,157",bt_03.png,10,42.19,Yhc5cWklIO/em0qD/KSuavQSCyF63044fo/+qqWX+Vo=,房地(土地+建物),950,Biz,4房2廳3衛有隔間,B20
鄉村區,乙種建築用地,和盛街1~30號,透天厝,,B,,10310,無,,全/二層,-1,26,170,2,1,0,24.259501347788206,120.81580052085056,無,"212,149",bt_02.png,9,18.85,+vXy/BjfTkYdrUjRDeXQZPQSCyF63044fo/+qqWX+Vo=,房地(土地+建物),400,Biz,3房1廳3衛有隔間,B20
農,,金順街36巷1~30號,透天厝,,B,,10310,無,,全/四層,-1,8,171,2,1,0,24.28066650112831,120.78026671208279,無,"108,767",bt_02.png,10,53.32,pXDqhPJ1aVGH8ERx4gEfWPQSCyF63044fo/+qqWX+Vo=,房地(土地+建物),580,Biz,6房2廳3衛有隔間,B20
鄉村區,乙種建築用地,和盛街1~30號,透天厝,,B,,10310,無,,全/二層,-1,26,172,2,1,0,24.259414835417783,120.81593458686676,無,"212,149",bt_02.png,9,18.85,p+psUAK23e+DpD3AKoq7wvQSCyF63044fo/+qqWX+Vo=,房地(土地+建物),400,Biz,3房1廳3衛有隔間,B20
住,,金順街36巷1~30號,透天厝,,B,,10310,無,,全/四層,-1,8,173,2,1,0,24.280468692918713,120.78021681617626,無,"84,099",bt_02.png,10,59.45,QNIa9Xx1cKJPB0eYGZDEyfQSCyF63044fo/+qqWX+Vo=,房地(土地+建物),500,Biz,4房1廳3衛有隔間,B20
住,,豐勢路860巷1~30號,透天厝,,B,,10310,無,,全/三層,-1,21,174,1,1,0,24.275151033785054,120.78630232552534,無,"46,218",bt_02.png,9,43.27,mFFCBjX9Srvwx3MRf/TExPQSCyF63044fo/+qqWX+Vo=,房地(土地+建物),200,Biz,5房1廳3衛有隔間,B20
山坡地保育區,特定目的事業用地,石岡街下坑巷31~60號,其他,,B,,10310,無,,"一層,二層,三層,四層,屋頂突出物,地下層/四層",0,16,175,3,1,0,24.250603938721678,120.77424713736899,無,"52,278",bt_Z.png,101,118.71,j//49/FF8huM1n+o8hK+JvQSCyF63044fo/+qqWX+Vo=,房地(土地+建物),620,Biz,,B20
鄉村區,乙種建築用地,和盛街和盛巷35弄61~90號,透天厝,,B,,10309,無,,全/二層,-1,33,176,2,1,0,24.258661578574976,120.81725144061065,無,"94,374",bt_02.png,9,33.91,+n/WbrMqtBO+uLpbMM58yPQSCyF63044fo/+qqWX+Vo=,房地(土地+建物),320,Biz,5房1廳3衛有隔間,B20
鄉村區,乙種建築用地,德興里和盛街13巷1~30號,華廈(10層含以下有電梯),62.93%,B,,10309,無,,三層/七層,0,9,177,1,1,0,24.259261622718423,120.81468206320862,有,"59,031",bt_06.png,45,38.18,fnXuOR73LIYL2VPfnl9c3PQSCyF63044fo/+qqWX+Vo=,房地(土地+建物),225,Biz,3房1廳2衛有隔間,B20
鄉村區,乙種建築用地,德興里和盛街13巷1~30號,華廈(10層含以下有電梯),62.04%,B,,10309,無,,七層/七層,0,9,178,1,1,0,24.259261622718423,120.81468206320862,有,"60,764",bt_06.png,45,38.73,GC5ldk5sudQGoRUeONUrsfQSCyF63044fo/+qqWX+Vo=,房地(土地+建物),235,Biz,3房1廳2衛有隔間,B20
鄉村區,乙種建築用地,德興里豐勢路77巷1~30號,透天厝,,B,,10308,無,,全/二層,-1,43,179,1,1,0,24.26006825689394,120.81480577522413,無,"165,124",bt_02.png,12,30.28,WuceIHBIAJSDQ+xgh1d/hPQSCyF63044fo/+qqWX+Vo=,房地(土地+建物),500,Biz,4房1廳2衛有隔間,B20
特定農業區,農牧用地,豐勢路151~180號,透天厝,,B,,10308,無,,全/二層,-1,31,180,2,1,0,24.263630843642716,120.81171808831914,無,"337,514",bt_02.png,32,42.96,SIAGSlN8pVPwskSdmV9wQPQSCyF63044fo/+qqWX+Vo=,房地(土地+建物),"1,450",Biz,6房3廳4衛有隔間,B20
特定農業區,甲種建築用地,豐勢路214巷1~30號,透天厝,,B,,10308,無,,全/二層,0,14,181,1,1,0,24.26415799640988,120.81079633238932,無,"76,721",bt_02.png,11,39.49,mtvuEDxQD0fgvxfQJDUx4/QSCyF63044fo/+qqWX+Vo=,房地(土地+建物),303,Biz,,B20
特定農業區,農牧用地,豐勢路269巷1~30號,透天厝,,B,,10308,無,,全/二層,-1,13,182,2,1,0,24.263598711093422,120.80948488609494,無,"151,911",bt_02.png,27,85.58,jlHjrw8dKYTZMu+Rk1x7LfQSCyF63044fo/+qqWX+Vo=,房地(土地+建物),"1,300",Biz,4房1廳3衛有隔間,B20
工,,豐勢路1261~1290號,透天厝,,B,,10308,無,,全/一層,-1,39,183,4,2,0,24.27683016449071,120.76382536513069,無,"195,058",bt_02.png,41,332.44,bR/9KS7pVEHcvZwpDZZOZfQSCyF63044fo/+qqWX+Vo=,房地(土地+建物),"6,484",Biz,0房0廳5衛有隔間,B20
鄉村區,乙種建築用地,和盛街13巷1~30號,透天厝,,B,,10308,無,,全/三層,-1,9,184,1,1,0,24.25930364213846,120.81441914260112,無,"98,519",bt_02.png,11,45.74,YwAZ8mu7jMhLehhVC/vHW/QSCyF63044fo/+qqWX+Vo=,房地(土地+建物),450,Biz,4房1廳3衛有隔間,B20
特定農業區,農牧用地,豐勢路梅子巷27弄1~30號,農舍,,B,,10307,無,,"一層,二層/二層",-1,33,185,1,1,0,24.270040052356528,120.80128497782285,無,"85,676",bt_10.png,21,31.51,Pozg0fBrgRYhu3VSJI9SI/QSCyF63044fo/+qqWX+Vo=,房地(土地+建物),270,Biz,3房2廳2衛有隔間,B20
特定農業區,甲種建築用地,豐勢路159巷31~60號,透天厝,,B,,10306,無,,全/二層,-1,35,186,1,1,0,24.262099857746218,120.81202171772648,無,"72,307",bt_02.png,9,32.50,sjMEdJPQ+hOBfM259zMRN/QSCyF63044fo/+qqWX+Vo=,房地(土地+建物),235,Biz,5房2廳2衛有隔間,B20
農,,萬墩街66巷31~60號,透天厝,,B,,10306,無,,全/三層,-1,26,187,1,1,0,24.27581065233707,120.7931764408691,無,"86,145",bt_02.png,18,83.58,nj77xSoOIh2HZjpUU1ygS/QSCyF63044fo/+qqWX+Vo=,房地(土地+建物),720,Biz,8房3廳3衛有隔間,B20
住,,豐勢路721~750號,透天厝,,B,,10305,無,,全/三層,-1,16,188,1,1,0,24.27328207123068,120.79090230108855,無,"178,866",bt_02.png,9,40.25,SLj2CvLd/Yi2v9pMvo4qHvQSCyF63044fo/+qqWX+Vo=,房地(土地+建物),720,Biz,4房2廳2衛有隔間,B20
特定農業區,甲種建築用地,豐勢路481~510號,透天厝,,B,,10305,無,,全/二層,-1,30,189,1,1,0,24.26898506826726,120.79990416193397,無,"28,493",bt_02.png,11,40.21,usO93tI4zxXALIV6yuAaD/QSCyF63044fo/+qqWX+Vo=,房地(土地+建物),114,Biz,4房2廳2衛有隔間,B20
山坡地保育區,丙種建築用地,豐勢路國中巷1~30號,透天厝,,B,,10305,無,,全/二層,-1,34,190,1,1,0,24.267511704732033,120.79773825548838,無,"14,112",bt_02.png,8,28.90,y5WERA+XtGjoFGXTjZykzvQSCyF63044fo/+qqWX+Vo=,房地(土地+建物),40,Biz,4房1廳2衛有隔間,B20
住,,萬興街9巷1~30號,透天厝,,B,,10304,無,,全/四層,-1,7,191,1,1,0,24.272407164285347,120.79336879785033,無,"136,089",bt_02.png,11,62.09,Sg6Q4QdnIfs11gc7JF9eAvQSCyF63044fo/+qqWX+Vo=,房地(土地+建物),845,Biz,6房2廳3衛有隔間,B20
鄉村區,乙種建築用地,和盛街13巷1~30號,華廈(10層含以下有電梯),90.81%,B,,10303,無,,一層/七層,0,9,192,1,1,0,24.259261622718423,120.81468206320862,無,"93,564",bt_06.png,45,26.46,v73bE6gaTbQqO3UWPod/iPQSCyF63044fo/+qqWX+Vo=,房地(土地+建物),247,Biz,3房1廳2衛有隔間,B20
鄉村區,乙種建築用地,和盛街13巷1~30號,華廈(10層含以下有電梯),92.84%,B,,10303,無,,四層/七層,0,9,193,1,1,0,24.259261622718423,120.81468206320862,無,"81,550",bt_06.png,45,17.28,O5DsndJYCuLtkV8dp93YL/QSCyF63044fo/+qqWX+Vo=,房地(土地+建物),140,Biz,3房1廳2衛有隔間,B20
特定農業區,甲種建築用地,豐勢路335巷1~30號,透天厝,,B,,10303,無,,全/二層,0,40,194,1,1,0,24.265172106922304,120.80758639774331,無,"129,491",bt_02.png,11,29.35,yS2U2pdz9LTZ+xd2pz8NevQSCyF63044fo/+qqWX+Vo=,房地(土地+建物),380,Biz,4房2廳2衛有隔間,B20
其他,,豐勢路1321~1350號,其他,,B,,10303,無,,"一層,二層,屋頂突出物,停車場,雨遮,浴廁/二層",-1,25,195,5,1,0,24.27760772896991,120.76392144263131,無,"345,507",bt_Z.png,38,135.23,FKnQYP2OcEtqILyljw5wDPQSCyF63044fo/+qqWX+Vo=,房地(土地+建物),"4,672",Biz,,B20
住,,豐勢路860巷1~30號,透天厝,,B,,10303,無,,全/三層,-1,21,196,2,2,0,24.27482040663388,120.78619059078484,無,"116,208",bt_02.png,15,129.08,xzLHil9IvRzX5vV/N7OOZ/QSCyF63044fo/+qqWX+Vo=,房地(土地+建物),"1,500",Biz,5房3廳4衛有隔間,B20
鄉村區,乙種建築用地,德興里和盛街13巷1~30號,華廈(10層含以下有電梯),62.04%,B,,10303,無,,七層/七層,0,9,197,1,1,0,24.259261622718423,120.81468206320862,有,"60,764",bt_06.png,45,38.73,5BiX8OwuLncx2OiTnoW1avQSCyF63044fo/+qqWX+Vo=,房地(土地+建物),235,Biz,3房2廳2衛有隔間,B20
鄉村區,乙種建築用地,豐勢路90巷1~30號,透天厝,,B,,10302,無,,全/二層,0,35,198,1,1,0,24.26207379253064,120.81431850416824,無,"87,349",bt_02.png,10,29.77,6eu6BRzGWeNtAFRiuF/fzfQSCyF63044fo/+qqWX+Vo=,房地(土地+建物),260,Biz,4房1廳2衛有隔間,B20
特定農業區,農牧用地,德興里7鄰豐勢路61~90號,農舍,,B,,10301,無,,"一層,二層/二層",0,13,199,2,1,0,24.26159635780878,120.81450533993186,無,"80,063",bt_10.png,24,103.67,Xv1igq2+h0UBjcSu3Tq1OfQSCyF63044fo/+qqWX+Vo=,房地(土地+建物),830,Biz,2房2廳1衛有隔間,B20
鄉村區,乙種建築用地,和盛街13巷1~30號,華廈(10層含以下有電梯),92.84%,B,,10212,無,,三層/七層,0,9,200,1,1,0,24.259261622718423,120.81468206320862,無,"86,169",bt_06.png,45,17.28,eL3zOXD9hrweAZDH8zDS5PQSCyF63044fo/+qqWX+Vo=,房地(土地+建物),148,Biz,2房1廳1衛有隔間,B20
農,,石岡街金川巷1~30號,農舍,,B,,10212,無,,"一層,二層,見其他登記事項/二層",0,8,201,10,1,0,24.273350105504313,120.7762276272975,無,"72,294",bt_10.png,29,63.63,gdap8Uv6bbz43kO0hx6tC/QSCyF63044fo/+qqWX+Vo=,房地(土地+建物),460,Biz,4房2廳2衛有隔間,B20
商,,豐勢路1111~1140號,透天厝,,B,,10212,無,,全/二層,-1,46,202,1,1,0,24.276337392864782,120.77681585239274,無,"135,593",bt_02.png,7,14.75,9AtV3D6J8/rIZjNPuU9tP/QSCyF63044fo/+qqWX+Vo=,房地(土地+建物),200,Biz,,B20
農,,石岡街金川巷1~30號,農舍,,B,,10212,無,,"一層,二層,見其他登記事項/二層",-1,8,203,10,1,0,24.273350105504313,120.7762276272975,無,"70,724",bt_10.png,29,63.63,U6Yir27jjno5ri0IhLju8PQSCyF63044fo/+qqWX+Vo=,房地(土地+建物),450,Biz,4房2廳2衛有隔間,B20
農,,豐勢路881巷1~30號,透天厝,,B,,10211,無,,全/二層,-1,33,204,1,1,0,24.2731330911558,120.7895954927217,無,"96,797",bt_02.png,9,34.09,+xhH08NbzQdecK2kDbXqVPQSCyF63044fo/+qqWX+Vo=,房地(土地+建物),330,Biz,3房2廳2衛有隔間,B20
住,,仁愛街1~30號,透天厝,,B,,10211,無,,全/四層,1,1,205,2,1,0,24.27468302205554,120.7791393534727,無,"118,975",bt_02.png,25,74.81,acA5h81Yi44/kF499d7LEvQSCyF63044fo/+qqWX+Vo=,房地(土地+建物),890,Biz,4房2廳4衛有隔間,B20
鄉村區,乙種建築用地,豐勢路91~120號,透天厝,,B,,10211,無,,全/二層,-1,42,206,1,1,0,24.26200541665274,120.8137916911267,無,"114,846",bt_02.png,8,40.05,WdUnctoqjViI0/E/TB4QtfQSCyF63044fo/+qqWX+Vo=,房地(土地+建物),460,Biz,4房2廳3衛有隔間,B20
農,,金順街36巷1~30號,透天厝,,B,,10211,無,,全/四層,-1,7,207,2,1,0,24.280658427678542,120.7803051419605,無,"110,268",bt_02.png,10,53.32,qIH6VBwJaN1V/Ei8FRBqbPQSCyF63044fo/+qqWX+Vo=,房地(土地+建物),588,Biz,6房1廳3衛有隔間,B20
住,,仁愛街1~30號,透天厝,,B,,10211,無,,全/四層,1,1,208,2,1,0,24.27468302205554,120.7791393534727,無,"110,688",bt_02.png,25,74.81,2cd3AqiGa6kA0vSp+0L3/vQSCyF63044fo/+qqWX+Vo=,房地(土地+建物),828,Biz,4房2廳4衛有隔間,B20
農,,金順街63巷1~30號,透天厝,,B,,10211,無,,全/三層,-1,9,209,2,1,0,24.280819346495036,120.7810662907162,無,"122,400",bt_02.png,16,51.47,fEy3pdpMZ6Oa0VHFmmPiHvQSCyF63044fo/+qqWX+Vo=,房地(土地+建物),630,Biz,5房2廳4衛有隔間,B20
農,,豐勢路山下巷1~30號,透天厝,,B,,10211,無,,全/二層,-1,37,210,1,1,0,24.272104666402708,120.78571939995469,無,"82,926",bt_02.png,9,30.15,HU4GoAoK3YmKjK/PTh/p0/QSCyF63044fo/+qqWX+Vo=,房地(土地+建物),250,Biz,4房1廳2衛有隔間,B20
住,,仁愛街1~30號,透天厝,,B,,10211,無,,全/四層,1,1,211,2,1,0,24.27468302205554,120.7791393534727,無,"110,136",bt_02.png,25,74.91,4PvtOsNRtwrd82ulwTnAy/QSCyF63044fo/+qqWX+Vo=,房地(土地+建物),825,Biz,4房2廳4衛有隔間,B20
住,,仁愛街1~30號,透天厝,,B,,10211,無,,全/四層,1,1,212,2,1,0,24.27468302205554,120.7791393534727,無,"121,088",bt_02.png,25,74.33,eQsfDgMBipL6BAB8gCUUk/QSCyF63044fo/+qqWX+Vo=,房地(土地+建物),900,Biz,6房2廳6衛有隔間,B20
住,,仁愛街1~30號,透天厝,,B,,10211,無,,全/四層,1,1,213,2,1,0,24.27468302205554,120.7791393534727,無,"107,405",bt_02.png,25,74.48,+jAzsm2B7C5FVYB8pQwR4fQSCyF63044fo/+qqWX+Vo=,房地(土地+建物),800,Biz,4房2廳4衛有隔間,B20
特定農業區,甲種建築用地,豐勢路國校巷1~30號,透天厝,,B,,10210,無,,全/三層,0,12,214,1,1,0,24.268893036368638,120.80951294412388,無,"12,949",bt_02.png,14,68.04,7+vJow9FC+CDaNDOvPmRJvQSCyF63044fo/+qqWX+Vo=,房地(土地+建物),88,Biz,4房2廳3衛有隔間,B20
鄉村區,乙種建築用地,和盛街13巷1~30號,華廈(10層含以下有電梯),90.81%,B,,10210,無,,四層/七層,0,8,215,1,1,0,24.259261622718423,120.81468206320862,無,"81,676",bt_06.png,45,26.46,LX5fD7rbiogERFbiO4iZpfQSCyF63044fo/+qqWX+Vo=,房地(土地+建物),216,Biz,3房1廳2衛有隔間,B20
住,,金星里石岡街萬安里明德路61~90號,透天厝,,B,,10209,無,,全/四層,-1,10,216,2,1,0,24.274390337242348,120.77917354566246,無,"96,539",bt_02.png,11,48.68,YcqrDN+1cuLeBQbv/ypUPfQSCyF63044fo/+qqWX+Vo=,房地(土地+建物),470,Biz,6房3廳3衛有隔間,B20
特定農業區,甲種建築用地,豐勢路481~510號,倉庫,,B,,10209,無,,一層/一層,0,25,217,1,1,0,24.268922291053233,120.80002215703114,無,"217,706",bt_11.png,11,14.22,Zd3KHqBThcCgTa6mpYnGMfQSCyF63044fo/+qqWX+Vo=,房地(土地+建物),309,Biz,,B20
住,,仁愛街1~30號,透天厝,,B,,10209,無,,全/三層,-1,6,218,1,1,0,24.27476800133562,120.7785925427475,無,"107,369",bt_02.png,9,57.74,ZGkz440qeuskkYSOr3GVZ/QSCyF63044fo/+qqWX+Vo=,房地(土地+建物),620,Biz,5房1廳3衛有隔間,B20
住,,豐勢路860巷1~30號,透天厝,,B,,10208,無,,全/三層,-1,20,219,1,1,0,24.275107106130523,120.78652796006357,無,"98,555",bt_02.png,10,43.63,2NdD0TlssXHsprgeUC6WcPQSCyF63044fo/+qqWX+Vo=,房地(土地+建物),430,Biz,5房2廳3衛有隔間,B20
特定農業區,甲種建築用地,豐勢路梅子巷27弄1~30號,透天厝,,B,,10207,無,,全/三層,0,7,220,1,1,0,24.270320014069632,120.80118585081743,無,"103,683",bt_02.png,11,58.83,qd8/7atNxd9BrK0cPPM33PQSCyF63044fo/+qqWX+Vo=,房地(土地+建物),610,Biz,4房2廳3衛有隔間,B20
住,,和盛街營林巷181~210號,透天厝,,B,,10205,無,,全/二層,-1,27,221,1,1,0,24.257940034088218,120.81566390617519,無,"102,370",bt_02.png,9,27.35,oVqs5cqR2pNZrTo6nre5BfQSCyF63044fo/+qqWX+Vo=,房地(土地+建物),280,Biz,5房1廳2衛有隔間,B20
其他,,豐勢路331~360號,農舍,,B,,10205,無,,一層/一層,-1,8,222,1,1,0,24.267222340797545,120.80571855669305,無,"1,149,375",bt_10.png,36,17.77,jfHPSIf47MEf3iwMT1REEvQSCyF63044fo/+qqWX+Vo=,房地(土地+建物),"2,043",Biz,,B20
鄉村區,乙種建築用地,豐勢路77巷1~30號,透天厝,,B,,10205,無,,全/一層,-1,42,223,4,1,0,24.260582927927857,120.8145782136462,無,"212,727",bt_02.png,19,23.50,PTLiCiHmeFZ1+a3x9C1X3vQSCyF63044fo/+qqWX+Vo=,房地(土地+建物),500,Biz,2房2廳1衛有隔間,B20
特定農業區,甲種建築用地,豐勢路慈雲巷1~30號,透天厝,,B,,10205,無,,全/三層,-1,10,224,1,1,0,24.264728650186104,120.8072035438459,無,"107,332",bt_02.png,11,52.18,LRATT/u+ZXKlNe2LX+clV/QSCyF63044fo/+qqWX+Vo=,房地(土地+建物),560,Biz,3房2廳2衛有隔間,B20
住,,萬仙街64巷10弄1~30號,透天厝,,B,,10204,無,,全/二層,-1,16,225,1,1,0,24.271979365473822,120.79171603911638,無,"111,997",bt_02.png,10,27.00,iUzA/UEO2iPhDJ+tQVvsGPQSCyF63044fo/+qqWX+Vo=,房地(土地+建物),302,Biz,3房2廳2衛有隔間,B20
住,,和盛里和盛街和盛巷35弄1~30號,透天厝,,B,,10204,無,,全/一層,-1,37,226,1,1,0,24.258554697592217,120.81697386386527,無,"136,512",bt_02.png,8,13.55,w/nit9ncv+XaJj9ypzW3HfQSCyF63044fo/+qqWX+Vo=,房地(土地+建物),185,Biz,3房1廳1衛有隔間,B20
鄉村區,乙種建築用地,豐勢路91~120號,透天厝,,B,,10203,無,,全/二層,-1,42,227,1,1,0,24.26200541665274,120.8137916911267,無,"84,886",bt_02.png,8,40.05,QfTW1U/HvPSk5W1tE6QbMPQSCyF63044fo/+qqWX+Vo=,房地(土地+建物),340,Biz,4房2廳3衛有隔間,B20
特定農業區,甲種建築用地,豐勢路梅子巷31~60號,透天厝,,B,,10203,無,,全/二層,-1,33,228,1,1,0,24.2713877679557,120.80170444256814,無,"98,516",bt_02.png,8,27.00,TugRSuD8fcdog4EDXrXabPQSCyF63044fo/+qqWX+Vo=,房地(土地+建物),266,Biz,2房2廳2衛有隔間,B20
農,,豐勢路梅子巷27弄1~30號,農舍,,B,,10202,無,,"一層,二層/二層",-1,32,229,1,1,0,24.269907712570994,120.80124233858663,無,"80,916",bt_10.png,21,31.51,O9n+cK0jX1AJvTOlosI7MvQSCyF63044fo/+qqWX+Vo=,房地(土地+建物),255,Biz,4房2廳3衛有隔間,B20
其他,,和盛街13巷31~60號,透天厝,,B,,10202,無,,全/三層,-1,8,230,1,1,0,24.259846491557706,120.8130266400784,無,"90,734",bt_02.png,10,45.74,U4VURWCqHQJGoAtKdY5ucfQSCyF63044fo/+qqWX+Vo=,房地(土地+建物),415,Biz,4房2廳3衛有隔間,B20
住,,忠孝街211~240號,透天厝,,B,,10201,無,,全/三層,1,22,231,1,1,0,24.275717692101512,120.77489936227974,無,"95,464",bt_02.png,11,45.04,4gb8aLXkPd73CJ1vf/HWj/QSCyF63044fo/+qqWX+Vo=,房地(土地+建物),430,Biz,3房2廳3衛有隔間,B20
住,,和盛街13巷1~30號,透天厝,,B,,10201,無,,全/三層,-1,8,232,1,1,0,24.25930364213846,120.81441914260112,無,"104,945",bt_02.png,11,45.74,GgAVzSCubWgOTF+ACc5t0fQSCyF63044fo/+qqWX+Vo=,房地(土地+建物),480,Biz,4房2廳3衛有隔間,B20
其他,,豐勢路271~300號,農舍,,B,,10201,無,,"一層,二層,見其他登記事項/二層",0,6,233,2,1,0,24.265652739455223,120.80866828812486,無,"235,498",bt_10.png,32,67.94,owOg7ZpBD7Kn9ZixOj68QPQSCyF63044fo/+qqWX+Vo=,房地(土地+建物),"1,600",Biz,7房1廳3衛有隔間,B20
住,,石岡里2鄰石岡街91~120號,透天厝,,B,,10112,無,,全/二層,-1,17,234,2,1,0,24.27624735506865,120.77454659017164,無,"127,689",bt_02.png,10,44.64,KTqqww8oIN+t4uRFwhlbLfQSCyF63044fo/+qqWX+Vo=,房地(土地+建物),570,Biz,2房2廳2衛有隔間,B20
鄉村區,乙種建築用地,豐勢路77巷1~30號,透天厝,,B,,10112,無,,全/三層,-1,29,235,1,1,0,24.26071244527691,120.81468311173877,無,"60,585",bt_02.png,12,44.56,ZtNJaoS1cjcePbTdTy07CvQSCyF63044fo/+qqWX+Vo=,房地(土地+建物),270,Biz,4房2廳2衛有隔間,B20
住,,豐勢路梅子巷37弄31~60號,透天厝,,B,,10111,無,,全/二層,-1,33,236,1,1,0,24.27180587199611,120.79967872020264,無,"36,218",bt_02.png,10,19.33,8fuhmq/D2JaObXtDyC9LMPQSCyF63044fo/+qqWX+Vo=,房地(土地+建物),70,Biz,3房1廳2衛有隔間,B20
農,,豐勢路梅子巷27弄1~30號,透天厝,,B,,10111,無,,全/三層,-1,6,237,1,1,0,24.27036666014595,120.80109536012061,無,"92,783",bt_02.png,10,59.82,hkWdKnPR6CmdDuHOftzROPQSCyF63044fo/+qqWX+Vo=,房地(土地+建物),555,Biz,4房2廳3衛有隔間,B20
住,,豐勢路萬墩巷61~90號,透天厝,,B,,10110,無,,全/二層,-1,39,238,1,1,0,24.273218249379124,120.7937538892811,無,"76,169",bt_02.png,8,26.26,1/u5TdgULlVssZYlFOgXKfQSCyF63044fo/+qqWX+Vo=,房地(土地+建物),200,Biz,5房1廳1衛有隔間,B20
農,,豐勢路梅子巷27弄1~30號,農舍,,B,,10110,無,,"一層,二層/二層",-1,31,239,1,1,0,24.269907712570994,120.80124233858663,無,"71,712",bt_10.png,21,31.51,wiSlJYkgliNKpSvkEnAzePQSCyF63044fo/+qqWX+Vo=,房地(土地+建物),226,Biz,4房1廳2衛有隔間,B20
住,,豐勢路90巷31~60號,透天厝,,B,,10110,無,,全/二層,-1,31,240,1,1,0,24.261881844029485,120.81463689985983,無,"95,788",bt_02.png,10,33.93,z48CEnviLzZ73Fiz9RqWefQSCyF63044fo/+qqWX+Vo=,房地(土地+建物),325,Biz,4房1廳2衛有隔間,B20
住,,萬安里石岡街61~90號,透天厝,,B,,10109,無,,全/四層,0,11,241,1,1,0,24.2759279616306,120.77561635899558,無,"38,010",bt_02.png,13,101.91,jQy9QR4b/7bIFoNfMgjHwvQSCyF63044fo/+qqWX+Vo=,房地(土地+建物),387,Biz,6房2廳4衛有隔間,B20
其他,,石岡街號,透天厝,,B,,10108,無,,全/三層,0,29,242,1,1,0,24.275784901968628,120.77749941404174,無,"50,231",bt_02.png,11,15.93,kRSO2Mxxeh0SOyO2Agj8cfQSCyF63044fo/+qqWX+Vo=,房地(土地+建物),80,Biz,6房1廳5衛有隔間,B20
住,,豐勢路岡尾巷31~60號,透天厝,,B,,10108,無,,全/二層,0,32,243,1,1,0,24.275981154399734,120.77283514913861,無,"86,387",bt_02.png,10,31.25,eUQ/i0mX5a2ixihsDa/Kl/QSCyF63044fo/+qqWX+Vo=,房地(土地+建物),270,Biz,5房3廳2衛有隔間,B20
農,,豐勢路269巷1~30號,透天厝,,B,,10107,無,,全/二層,0,11,244,2,1,0,24.26374364754504,120.80950387554651,無,"131,041",bt_02.png,27,83.94,Q0MgfSUFok5wzvM3LcyCOPQSCyF63044fo/+qqWX+Vo=,房地(土地+建物),"1,100",Biz,4房2廳2衛有隔間,B20
住,,豐勢路梅子巷27弄1~30號,透天厝,,B,,10107,無,,全/二層,-1,32,245,2,1,0,24.270136455456537,120.80112034207919,無,"54,740",bt_02.png,10,36.54,UT85B4mRv1YCOqhMyhHS//QSCyF63044fo/+qqWX+Vo=,房地(土地+建物),200,Biz,3房2廳2衛有隔間,B20
